,State House Disctrict,TotSenVotes,DemSenVotes,RepSenVotes,TotGovVotes,DemGovVotes,RepGovVotes,TotLegVotes,DemLegVotes,RepLegVotes,%DemSen,%RepSen,DemSenMarg,DemSenMargRounded,DemSenWinner,%DemGov,%RepGov,DemGovMarg,DemGovMargRounded,DemGovWinner,%DemLeg,%RepLeg,DemLegMarg,DemLegMargRounded,DemLegWinner,ContestedLeg,Target Category,DemSenGovCompare
26,1,53194.0,13287.0,39546.0,53098.0,11993.0,40539.0,43280.0,0.0,43280.0,24.978381020415835,74.34297101176824,-49.3645899913524,-49.36,False,22.58653809936344,76.34750838072996,-53.760970281366525,-53.76,False,0.0,100.0,-100.0,-100.0,False,False,Rep Sweep,4.399999999999999
78,10,64669.0,20005.0,44169.0,64624.0,16637.0,46961.0,63550.0,17445.0,44652.0,30.934450818784885,68.30011288252486,-37.365662063739975,-37.37,False,25.744305521168602,72.66804902203515,-46.92374350086655,-46.92,False,27.45082612116444,70.26278520849725,-42.81195908733281,-42.81,False,True,Rep Sweep,9.550000000000004
59,100,41740.0,33743.0,7723.0,41521.0,30826.0,9706.0,33933.0,33933.0,0.0,80.84091998083373,18.502635361763296,62.338284619070436,62.34,True,74.24194985669902,23.376122925748415,50.865826930950604,50.87,True,100.0,0.0,100.0,100.0,True,False,Dem Sweep,11.470000000000006
137,101,43632.0,30938.0,12412.0,43459.0,28105.0,14579.0,35617.0,31127.0,0.0,70.9066740007334,28.447011367803448,42.459662632929955,42.46,True,64.67014887595205,33.54656112657907,31.12358774937298,31.12,True,87.39366033074094,0.0,87.39366033074094,87.39,True,False,Dem Sweep,11.34
56,102,57599.0,33684.0,23376.0,57287.0,28728.0,27230.0,56783.0,30025.0,26758.0,58.48018194760326,40.584037917324956,17.896144030278307,17.9,True,50.147502923874534,47.532599018974636,2.614903904899897,2.61,True,52.87674127819946,47.12325872180054,5.753482556398922,5.75,True,True,Dem Sweep,15.29
55,103,39375.0,31378.0,7775.0,39047.0,28660.0,9624.0,38258.0,29936.0,8322.0,79.69015873015873,19.746031746031743,59.94412698412698,59.94,True,73.3987246139268,24.647220016902708,48.751504597024095,48.75,True,78.24768675832505,21.752313241674944,56.495373516650105,56.5,True,True,Dem Sweep,11.189999999999998
65,104,31988.0,25876.0,5914.0,31753.0,24173.0,7076.0,26078.0,26078.0,0.0,80.89283481305489,18.48818306865074,62.40465174440415,62.4,True,76.12823985135263,22.284508550373193,53.84373130097944,53.84,True,100.0,0.0,100.0,100.0,True,False,Dem Sweep,8.559999999999995
66,105,45640.0,26789.0,18503.0,45377.0,23822.0,20714.0,44903.0,24579.0,20324.0,58.69631901840491,40.541191936897455,18.15512708150745,18.16,True,52.49796152235714,45.64867664235185,6.8492848800052855,6.85,True,54.73799078012605,45.26200921987395,9.475981560252094,9.48,True,True,Dem Sweep,11.31
69,106,85264.0,37673.0,46925.0,84924.0,31545.0,51719.0,83111.0,34651.0,48460.0,44.18394633139426,55.034950272096076,-10.851003940701816,-10.85,False,37.14497668503603,60.900334416654886,-23.755357731618858,-23.76,False,41.692435417694405,58.307564582305595,-16.61512916461119,-16.62,False,True,Rep Sweep,12.910000000000002
58,107,51740.0,30558.0,20761.0,51503.0,26658.0,23768.0,50887.0,29058.0,21829.0,59.060688055662936,40.12562814070352,18.935059914959417,18.94,True,51.760091645146886,46.14876803293012,5.611323612216765,5.61,True,57.102992905850215,42.89700709414978,14.205985811700437,14.21,True,True,Dem Sweep,13.330000000000002
54,108,81125.0,46363.0,34073.0,80424.0,36979.0,41426.0,78634.0,39207.0,39427.0,57.150077041602465,42.000616332819725,15.14946070878274,15.15,True,45.98005570476475,51.509499651845225,-5.529443947080473,-5.53,False,49.86011140219244,50.13988859780757,-0.27977719561513226,-0.28,False,True,Dem Target,20.68
61,109,61237.0,51383.0,9554.0,61026.0,47617.0,12160.0,51975.0,51975.0,0.0,83.90842137923151,15.601678723647469,68.30674265558405,68.31,True,78.0273981581621,19.925933208796252,58.10146494936585,58.1,True,100.0,0.0,100.0,100.0,True,False,Dem Sweep,10.21
41,11,52856.0,14548.0,38003.0,52797.0,13014.0,39218.0,51996.0,13280.0,38716.0,27.52383835326169,71.89912214318147,-44.37528378991978,-44.38,False,24.649127791351784,74.28073564785878,-49.63160785650699,-49.63,False,25.540426186629738,74.45957381337026,-48.91914762674052,-48.92,False,True,Rep Sweep,5.25
60,110,30770.0,27158.0,3447.0,30638.0,25773.0,4375.0,27300.0,27300.0,0.0,88.26129346766331,11.202469938251545,77.05882352941177,77.06,True,84.12102617664338,14.279652718845878,69.8413734577975,69.84,True,100.0,0.0,100.0,100.0,True,False,Dem Sweep,7.219999999999999
64,111,54388.0,43537.0,10531.0,54172.0,40003.0,13150.0,44377.0,44377.0,0.0,80.04890784731926,19.362727072148267,60.68618077517099,60.69,True,73.84442147234735,24.274532969061507,49.56988850328584,49.57,True,100.0,0.0,100.0,100.0,True,False,Dem Sweep,11.119999999999997
57,112,53818.0,29284.0,24100.0,53581.0,25464.0,27038.0,53142.0,26016.0,27126.0,54.41302166561373,44.7805566910699,9.632464974543836,9.63,True,47.524308990127096,50.461917470745234,-2.937608480618138,-2.94,False,48.95562831658575,51.04437168341425,-2.0887433668284956,-2.09,False,True,Dem Target,12.57
62,113,53349.0,29606.0,23355.0,53198.0,26256.0,25996.0,52670.0,28170.0,24500.0,55.49494835891957,43.77776528144857,11.717183077470999,11.72,True,49.35523891875634,48.86649874055416,0.4887401782021854,0.49,True,53.483956711600534,46.516043288399466,6.967913423201068,6.97,True,True,Dem Sweep,11.23
53,114,67526.0,38537.0,28430.0,67128.0,31696.0,33892.0,66528.0,37020.0,29508.0,57.06986938364482,42.102301335781775,14.967568047863047,14.97,True,47.21725658443571,50.488618758193304,-3.271362173757595,-3.27,False,55.64574314574314,44.35425685425685,11.291486291486287,11.29,True,True,Dem Sweep,18.240000000000002
63,115,57594.0,33499.0,23584.0,57242.0,28553.0,27504.0,56726.0,32214.0,24512.0,58.164044865784625,40.94870993506268,17.215334930721944,17.22,True,49.881206107403656,48.04863561720415,1.8325704901995081,1.83,True,56.78877410711137,43.21122589288862,13.577548214222752,13.58,True,True,Dem Sweep,15.389999999999999
19,116,47258.0,33424.0,13409.0,46931.0,29789.0,16195.0,46218.0,32538.0,13680.0,70.72664945617673,28.374031909941174,42.35261754623556,42.35,True,63.47403635123905,34.50810764739724,28.96592870384181,28.97,True,70.40114241204726,29.598857587952747,40.802284824094514,40.8,True,True,Dem Sweep,13.380000000000003
17,117,58368.0,34047.0,23763.0,58079.0,29463.0,27596.0,57456.0,32976.0,24480.0,58.331620065789465,40.71237664473684,17.619243421052623,17.62,True,50.72917922140533,47.514592193391756,3.2145870280135753,3.21,True,57.393483709273184,42.606516290726816,14.786967418546368,14.79,True,True,Dem Sweep,14.41
16,118,41917.0,24809.0,16700.0,41689.0,21934.0,19131.0,41399.0,24032.0,17367.0,59.18601044922108,39.8406374501992,19.345372999021876,19.35,True,52.61339921801914,45.88980306555686,6.723596152462278,6.72,True,58.04971134568467,41.95028865431532,16.099422691369348,16.1,True,True,Dem Sweep,12.630000000000003
15,119,42815.0,27612.0,14801.0,42613.0,24586.0,17379.0,30331.0,30331.0,0.0,64.49141655961695,34.56966016582974,29.921756393787213,29.92,True,57.696008260390016,40.78332903104686,16.912679229343155,16.91,True,100.0,0.0,100.0,100.0,True,False,Dem Sweep,13.010000000000002
29,12,49462.0,16808.0,32300.0,49483.0,14985.0,33922.0,48918.0,15855.0,33063.0,33.98164247300958,65.30265658485301,-31.321014111843432,-31.32,False,30.28312753875068,68.55283632762767,-38.269708788877,-38.27,False,32.411382313258926,67.58861768674109,-35.17723537348216,-35.18,False,True,Rep Sweep,6.950000000000003
22,120,42809.0,28975.0,13446.0,42585.0,26044.0,15750.0,42218.0,28864.0,13354.0,67.68436543717442,31.409283094676354,36.27508234249807,36.28,True,61.157684630738515,36.984853821768226,24.17283080897029,24.17,True,68.36894215737364,31.63105784262637,36.73788431474727,36.74,True,True,Dem Sweep,12.11
21,121,73985.0,36782.0,36520.0,73660.0,30935.0,41226.0,73051.0,32679.0,38843.0,49.715482868148946,49.36135703183078,0.3541258363181683,0.35,True,41.997013304371436,55.96796090143904,-13.970947597067607,-13.97,False,44.7345005544072,53.17244117123653,-8.43794061682933,-8.44,False,True,Dem Target,14.32
20,122,95450.0,41473.0,53207.0,95103.0,34307.0,59159.0,94162.0,35851.0,58311.0,43.44997380827658,55.743321110529074,-12.293347302252492,-12.29,False,36.073520288529274,62.20518805926206,-26.13166777073279,-26.13,False,38.0737452475521,61.9262547524479,-23.852509504895806,-23.85,False,True,Rep Sweep,13.84
13,123,49664.0,34918.0,14307.0,49330.0,31227.0,17142.0,36851.0,36851.0,0.0,70.30847293814433,28.807586984536083,41.50088595360825,41.5,True,63.302250152037296,34.749645246300425,28.55260490573687,28.55,True,100.0,0.0,100.0,100.0,True,False,Dem Sweep,12.95
14,124,47839.0,32207.0,15144.0,47591.0,28443.0,18276.0,47064.0,31835.0,15229.0,67.32373168335458,31.656180104099167,35.66755157925542,35.67,True,59.76550188060767,38.402218906936184,21.363282973671488,21.36,True,67.6419343872174,32.358065612782596,35.28386877443481,35.28,True,True,Dem Sweep,14.310000000000002
18,125,48238.0,31874.0,15907.0,47938.0,28298.0,18805.0,40494.0,32953.0,0.0,66.07653716986607,32.976076951780755,33.10046021808532,33.1,True,59.03041428511828,39.22775251366348,19.8026617714548,19.8,True,81.37748802291698,0.0,81.37748802291698,81.38,True,False,Dem Sweep,13.3
104,126,55812.0,26697.0,28729.0,55868.0,23752.0,31357.0,55434.0,25035.0,30399.0,47.833799182971404,51.47459327743138,-3.6407940944599773,-3.64,False,42.514498460657265,56.126942077754705,-13.61244361709744,-13.61,False,45.161814049139515,54.838185950860485,-9.67637190172097,-9.68,False,True,Rep Sweep,9.969999999999999
96,127,68819.0,27380.0,40947.0,68796.0,23822.0,44056.0,55576.0,0.0,44595.0,39.785524346474084,59.49955680843952,-19.714032461965438,-19.71,False,34.62701319844177,64.03860689574975,-29.41159369730798,-29.41,False,0.0,80.241471138621,-80.241471138621,-80.24,False,False,Rep Sweep,9.7
97,128,52328.0,17073.0,34925.0,52415.0,15223.0,36535.0,38197.0,0.0,38197.0,32.6268919125516,66.7424705702492,-34.1155786576976,-34.12,False,29.043212820757418,69.70332919965658,-40.66011637889916,-40.66,False,0.0,100.0,-100.0,-100.0,False,False,Rep Sweep,6.539999999999999
108,129,65374.0,29543.0,35284.0,65297.0,25512.0,38705.0,64684.0,27054.0,36554.0,45.1907486156576,53.97252730443296,-8.781778688775361,-8.78,False,39.07070768948037,59.27531127004303,-20.204603580562654,-20.2,False,41.82487168387855,56.511656669346365,-14.686784985467817,-14.69,False,True,Rep Sweep,11.42
7,13,65536.0,14007.0,51119.0,65533.0,11924.0,52892.0,64346.0,13460.0,50886.0,21.37298583984375,78.00140380859375,-56.62841796875,-56.63,False,18.195412998031525,80.7104817420231,-62.51506874399158,-62.52,False,20.91816119106083,79.08183880893918,-58.16367761787835,-58.16,False,True,Rep Sweep,5.890000000000001
103,130,76777.0,25526.0,50670.0,76736.0,21776.0,53923.0,76132.0,22598.0,52106.0,33.2469359313336,65.99632702502052,-32.74939109368692,-32.75,False,28.37781484570475,70.2707985821518,-41.89298373644705,-41.89,False,29.68265643881679,68.44165396942154,-38.758997530604745,-38.76,False,True,Rep Sweep,9.14
91,131,41996.0,35845.0,5937.0,42127.0,33895.0,7753.0,41870.0,35930.0,5940.0,85.35336698733212,14.137060672444996,71.21630631488713,71.22,True,80.45908799582216,18.403874000047477,62.05521399577468,62.06,True,85.81323143061859,14.18676856938142,71.62646286123717,71.63,True,True,Dem Sweep,9.159999999999997
98,132,66990.0,34442.0,32079.0,67025.0,31028.0,35072.0,66675.0,32841.0,32728.0,51.41364382743693,47.88625167935513,3.527392148081802,3.53,True,46.29317418873555,52.32674375233122,-6.03356956359567,-6.03,False,49.255343082114734,49.08586426696663,0.16947881514810348,0.17,True,True,Dem Sweep,9.56
93,133,72401.0,32546.0,39277.0,72161.0,26444.0,44436.0,71244.0,29844.0,41400.0,44.95241778428475,54.24925070095718,-9.296832916672429,-9.3,False,36.64583362203961,61.578969249317495,-24.933135627277885,-24.93,False,41.889843355229914,58.110156644770086,-16.220313289540172,-16.22,False,True,Rep Sweep,15.629999999999999
107,134,91052.0,54896.0,35467.0,90154.0,45424.0,42755.0,88914.0,41637.0,47277.0,60.290822826516724,38.95246672231252,21.338356104204202,21.34,True,50.38489695410077,47.42440712558511,2.960489828515655,2.96,True,46.82839597813618,53.17160402186383,-6.34320804372765,-6.34,False,True,Dem Target,18.38
109,135,56353.0,29791.0,26124.0,56369.0,26674.0,28839.0,56041.0,28473.0,26701.0,52.864976132592766,46.35778041985342,6.507195712739346,6.51,True,47.3203356454789,51.16109918572265,-3.840763540243749,-3.84,False,50.80744454952624,47.64547384950305,3.16197070002319,3.16,True,True,Dem Sweep,10.35
149,136,79515.0,46193.0,32279.0,79143.0,39498.0,37284.0,77934.0,41592.0,34084.0,58.09344148902723,40.59485631641829,17.49858517260894,17.5,True,49.90713013153406,47.10966225692733,2.797467874606731,2.8,True,53.368234660097,43.73444196371288,9.63379269638412,9.63,True,True,Dem Sweep,14.7
110,137,24444.0,17245.0,7015.0,24429.0,15771.0,8260.0,19954.0,17616.0,0.0,70.54900998199967,28.6982490590738,41.85076092292587,41.85,True,64.55851651725408,33.81227229931639,30.746244217937686,30.75,True,88.28305101733989,0.0,88.28305101733989,88.28,True,False,Dem Sweep,11.100000000000001
95,138,48920.0,25805.0,22711.0,48832.0,22756.0,25237.0,48417.0,24175.0,24222.0,52.74938675388389,46.42477514309076,6.324611610793127,6.32,True,46.60058977719528,51.68127457404981,-5.080684796854527,-5.08,False,49.93080942644112,50.027882768449096,-0.0970733420079739,-0.1,False,True,Dem Target,11.4
101,139,47358.0,36811.0,10264.0,47424.0,34327.0,12432.0,40046.0,37159.0,0.0,77.72921153764939,21.673212551205708,56.05599898644368,56.06,True,72.38318151147098,26.214574898785425,46.16860661268555,46.17,True,92.79079059082056,0.0,92.79079059082056,92.79,True,False,Dem Sweep,9.89
30,14,48711.0,23546.0,24670.0,48476.0,19856.0,27496.0,47723.0,20817.0,26906.0,48.3381577056517,50.645644720904926,-2.3074870152532228,-2.31,False,40.96047528673983,56.720851555408856,-15.760376268669027,-15.76,False,43.62047649980094,56.37952350019907,-12.759047000398134,-12.76,False,True,Rep Sweep,13.45
100,140,23671.0,18356.0,5192.0,23727.0,17317.0,6203.0,19188.0,19188.0,0.0,77.54636475011618,21.93401208229479,55.6123526678214,55.61,True,72.98436380494795,26.14321237408859,46.841151430859355,46.84,True,100.0,0.0,100.0,100.0,True,False,Dem Sweep,8.769999999999996
99,141,31412.0,27264.0,3978.0,31549.0,26092.0,5130.0,27946.0,27946.0,0.0,86.79485546924742,12.663950082770917,74.13090538647651,74.13,True,82.70309677010364,16.260420298583156,66.44267647152049,66.44,True,100.0,0.0,100.0,100.0,True,False,Dem Sweep,7.689999999999998
105,142,39901.0,31250.0,8425.0,39939.0,29206.0,10257.0,32087.0,32087.0,0.0,78.31883912683892,21.114759028595774,57.20408009824315,57.2,True,73.12651793985829,25.68166453842109,47.4448534014372,47.44,True,100.0,0.0,100.0,100.0,True,False,Dem Sweep,9.760000000000005
88,143,28835.0,21177.0,7494.0,28844.0,19794.0,8787.0,22504.0,22504.0,0.0,73.44199757239465,25.98924917634819,47.452748396046466,47.45,True,68.62432394952155,30.46387463597282,38.16044931354873,38.16,True,100.0,0.0,100.0,100.0,True,False,Dem Sweep,9.290000000000006
89,144,23505.0,14430.0,8913.0,23530.0,13448.0,9827.0,23455.0,14349.0,9106.0,61.391193363114226,37.91959157626037,23.471601786853853,23.47,True,57.152571185720355,41.76370590735232,15.388865278368037,15.39,True,61.17672138136858,38.82327861863143,22.353442762737153,22.35,True,True,Dem Sweep,8.079999999999998
87,145,33220.0,23571.0,9393.0,33167.0,21688.0,10984.0,26859.0,24269.0,0.0,70.95424443106563,28.275135460565927,42.679108970499705,42.68,True,65.3902975849489,33.11725510296379,32.27304248198511,32.27,True,90.35704977847277,0.0,90.35704977847277,90.36,True,False,Dem Sweep,10.409999999999997
92,146,43793.0,35650.0,7841.0,43749.0,33147.0,9957.0,38387.0,35656.0,0.0,81.40570410796246,17.904687963829836,63.50101614413263,63.5,True,75.76630322978811,22.759377357196737,53.00692587259137,53.01,True,92.88561231666971,0.0,92.88561231666971,92.89,True,False,Dem Sweep,10.490000000000002
106,147,55741.0,46013.0,9373.0,55659.0,42380.0,12261.0,54842.0,44314.0,10528.0,82.54785525914498,16.81527062664825,65.73258463249672,65.73,True,76.14222318043802,22.02878240715787,54.11344077328015,54.11,True,80.80303417089092,19.19696582910908,61.60606834178185,61.61,True,True,Dem Sweep,11.620000000000005
94,148,48555.0,33467.0,14556.0,48339.0,29336.0,17932.0,47459.0,32231.0,15228.0,68.92596025126146,29.978375038616,38.94758521264546,38.95,True,60.688057262252016,37.09634042905314,23.591716833198873,23.59,True,67.91335679217852,32.08664320782149,35.82671358435703,35.83,True,True,Dem Sweep,15.360000000000003
90,149,39135.0,25249.0,13633.0,39241.0,23344.0,15383.0,30652.0,27071.0,0.0,64.51769515778714,34.83582470933946,29.681870448447683,29.68,True,59.48879997961316,39.20134553145944,20.287454448153724,20.29,True,88.31723867936839,0.0,88.31723867936839,88.32,True,False,Dem Sweep,9.39
125,15,79931.0,27744.0,51525.0,79825.0,23026.0,55563.0,78890.0,25915.0,52975.0,34.70993732093931,64.46184834419687,-29.751911023257556,-29.75,False,28.845599749451928,69.60601315377389,-40.76041340432196,-40.76,False,32.84953733046013,67.15046266953986,-34.30092533907973,-34.3,False,True,Rep Sweep,11.009999999999998
102,150,71362.0,30173.0,40675.0,71340.0,26648.0,43738.0,70795.0,29888.0,40907.0,42.28160645721813,56.99812224993694,-14.716515792718809,-14.72,False,37.35351836276983,61.30922343706195,-23.95570507429212,-23.96,False,42.217670739459,57.782329260541,-15.564658521081995,-15.56,False,True,Rep Sweep,9.24
123,16,62258.0,13540.0,48275.0,62452.0,11619.0,50069.0,61292.0,12059.0,49233.0,21.748209065501623,77.54023579299046,-55.79202672748883,-55.79,False,18.60468840069173,80.17197207455325,-61.567283673861525,-61.57,False,19.674672061606735,80.32532793839326,-60.65065587678652,-60.65,False,True,Rep Sweep,5.780000000000001
9,17,50416.0,20053.0,29875.0,50308.0,17216.0,32118.0,49583.0,18849.0,30734.0,39.77507140590289,59.2569819105046,-19.481910504601707,-19.48,False,34.221197423868965,63.842728790649595,-29.62153136678063,-29.62,False,38.015045479297335,61.984954520702665,-23.96990904140533,-23.97,False,True,Rep Sweep,10.14
120,18,47768.0,12392.0,35075.0,47677.0,10676.0,36448.0,47156.0,11559.0,35597.0,25.94205325741082,73.4278177859655,-47.48576452855468,-47.49,False,22.392348511861066,76.44776307234096,-54.055414560479896,-54.06,False,24.51225718890491,75.48774281109509,-50.97548562219018,-50.98,False,True,Rep Sweep,6.57
86,19,53357.0,9761.0,43349.0,53216.0,8565.0,44161.0,53093.0,9132.0,43961.0,18.293757145266788,81.24332327529659,-62.9495661300298,-62.95,False,16.094783523752255,82.98444076969332,-66.88965724594107,-66.89,False,17.20000753394986,82.79999246605014,-65.59998493210028,-65.6,False,True,Rep Sweep,3.9399999999999977
116,2,58340.0,12330.0,45603.0,58242.0,10314.0,47220.0,57275.0,11432.0,45843.0,21.13472745971889,78.16763798423038,-57.03291052451149,-57.03,False,17.7088698877099,81.0755125167405,-63.36664262903061,-63.37,False,19.959842863378437,80.04015713662156,-60.08031427324312,-60.08,False,True,Rep Sweep,6.339999999999996
33,20,82520.0,25622.0,56025.0,82499.0,21236.0,59716.0,80954.0,23069.0,57885.0,31.049442559379543,67.8926320891905,-36.84318952981096,-36.84,False,25.740918071734203,72.3839076837295,-46.642989611995304,-46.64,False,28.49643007139857,71.50356992860142,-43.00713985720285,-43.01,False,True,Rep Sweep,9.799999999999997
118,21,57580.0,13397.0,43876.0,57546.0,11671.0,45324.0,46435.0,0.0,46435.0,23.266759291420634,76.20006946856547,-52.93331017714484,-52.93,False,20.281166371250826,78.76133875508289,-58.48017238383206,-58.48,False,0.0,100.0,-100.0,-100.0,False,False,Rep Sweep,5.549999999999997
117,22,42985.0,28777.0,14017.0,43006.0,27193.0,15399.0,31441.0,31441.0,0.0,66.94660928230778,32.60904966848901,34.33755961381877,34.34,True,63.23071199367531,35.80663163279542,27.424080360879884,27.42,True,100.0,0.0,100.0,100.0,True,False,Dem Sweep,6.920000000000002
40,23,58883.0,25922.0,32517.0,58812.0,23308.0,34504.0,58366.0,24181.0,32951.0,44.02289285532327,55.223069476759,-11.20017662143573,-11.2,False,39.631367748078624,58.66829898660137,-19.036931238522747,-19.04,False,41.4299420895727,56.455813315971625,-15.025871226398927,-15.03,False,True,Rep Sweep,7.84
83,24,69920.0,22069.0,47270.0,69791.0,18466.0,50105.0,69036.0,19586.0,48045.0,31.56321510297483,67.6058352402746,-36.04262013729977,-36.04,False,26.458999011333837,71.79292458913041,-45.33392557779657,-45.33,False,28.370705139347585,69.59412480444985,-41.22341966510226,-41.22,False,True,Rep Sweep,9.29
27,25,51894.0,15259.0,36236.0,51880.0,13306.0,37889.0,40902.0,0.0,40902.0,29.404170038925503,69.82695494662195,-40.42278490769645,-40.42,False,25.64764841942945,73.03199691595991,-47.38434849653046,-47.38,False,0.0,100.0,-100.0,-100.0,False,False,Rep Sweep,6.960000000000001
79,26,67046.0,33843.0,32789.0,66833.0,29029.0,36899.0,65834.0,31330.0,34504.0,50.47728425260269,48.90522924559258,1.572055007010114,1.57,True,43.435129352266095,55.21074918079392,-11.775619828527823,-11.78,False,47.589391499832914,52.410608500167086,-4.8212170003341726,-4.82,False,True,Dem Target,13.35
82,27,65395.0,47484.0,17563.0,65199.0,42795.0,21429.0,47450.0,47450.0,0.0,72.61105589112317,26.85679333282361,45.75426255829956,45.75,True,65.63750977775733,32.86706851332076,32.77044126443657,32.77,True,100.0,0.0,100.0,100.0,True,False,Dem Sweep,12.979999999999997
81,28,83228.0,40019.0,42636.0,83121.0,34749.0,47166.0,81998.0,37584.0,44414.0,48.083577642139666,51.227952131494206,-3.14437448935454,-3.14,False,41.80531995524597,56.74378315949038,-14.938463204244407,-14.94,False,45.83526427473841,54.16473572526159,-8.329471450523187,-8.33,False,True,Rep Sweep,11.799999999999999
28,29,70316.0,33018.0,36787.0,70150.0,28903.0,40189.0,46810.0,0.0,46810.0,46.95659593833552,52.31668468058479,-5.360088742249275,-5.36,False,41.20171062009979,57.29009265858874,-16.08838203848895,-16.09,False,0.0,100.0,-100.0,-100.0,False,False,Rep Sweep,10.73
124,3,64510.0,16319.0,47762.0,64633.0,14190.0,49671.0,63971.0,15352.0,48619.0,25.2968532010541,74.03813362269416,-48.74128042164006,-48.74,False,21.95472900840128,76.85083471291755,-54.896105704516266,-54.9,False,23.998374263338075,76.00162573666192,-52.00325147332384,-52.0,False,True,Rep Sweep,6.159999999999997
3,30,53800.0,14664.0,38816.0,53922.0,12979.0,40321.0,53083.0,13430.0,39653.0,27.256505576208177,72.14869888475836,-44.89219330855018,-44.89,False,24.069952894922295,74.7765290604948,-50.7065761655725,-50.71,False,25.30000188384228,74.69999811615772,-49.39999623231543,-49.4,False,True,Rep Sweep,5.82
6,31,40188.0,21848.0,17970.0,39382.0,18752.0,20258.0,27391.0,27391.0,0.0,54.364486911515876,44.71484025082114,9.649646660694735,9.65,True,47.615661977553195,51.43974404550302,-3.824082067949824,-3.82,False,100.0,0.0,100.0,100.0,True,False,Dem Sweep,13.47
127,32,52505.0,24691.0,27374.0,52424.0,20413.0,31191.0,38359.0,0.0,38359.0,47.02599752404532,52.13598704885249,-5.109989524807169,-5.11,False,38.93827254692507,59.49755837021211,-20.55928582328704,-20.56,False,0.0,100.0,-100.0,-100.0,False,False,Rep Sweep,15.45
45,33,85117.0,32503.0,51929.0,84815.0,26831.0,56584.0,82819.0,28974.0,53845.0,38.186261263907326,61.00896413172456,-22.822702867817235,-22.82,False,31.634734421977246,66.7146141602311,-35.07987973825385,-35.08,False,34.984725727188206,65.0152742728118,-30.03054854562359,-30.03,False,True,Rep Sweep,12.259999999999998
126,34,41562.0,22701.0,18582.0,41526.0,19307.0,21727.0,41311.0,25246.0,16065.0,54.61960444636927,44.70910928251769,9.910495163851586,9.91,True,46.493762943697924,52.321437171892306,-5.8276742281943825,-5.83,False,61.112052479969016,38.887947520030984,22.224104959938032,22.22,True,True,Dem Sweep,15.74
36,35,32479.0,20587.0,11693.0,32304.0,18432.0,13538.0,23351.0,23351.0,0.0,63.38557221589335,36.00172419101573,27.383848024877615,27.38,True,57.05794947994056,41.908122833085685,15.149826646854876,15.15,True,100.0,0.0,100.0,100.0,True,False,Dem Sweep,12.229999999999999
113,36,31653.0,23010.0,8471.0,31500.0,20913.0,10228.0,25971.0,25971.0,0.0,72.69453132404512,26.762076264493096,45.93245505955202,45.93,True,66.39047619047619,32.46984126984127,33.920634920634924,33.92,True,100.0,0.0,100.0,100.0,True,False,Dem Sweep,12.009999999999998
34,37,28371.0,18841.0,9312.0,28232.0,16397.0,11365.0,20314.0,20314.0,0.0,66.40936167212999,32.82224807021254,33.58711360191745,33.59,True,58.07948427316521,40.2557381694531,17.823746103712104,17.82,True,100.0,0.0,100.0,100.0,True,False,Dem Sweep,15.770000000000003
35,38,34196.0,21849.0,12104.0,34007.0,18816.0,14722.0,25019.0,25019.0,0.0,63.893437828985846,35.39595274301088,28.497485085974965,28.5,True,55.329785044255594,43.29108712912048,12.038697915135117,12.04,True,100.0,0.0,100.0,100.0,True,False,Dem Sweep,16.46
112,39,32189.0,22415.0,9598.0,32013.0,20178.0,11486.0,25822.0,25822.0,0.0,69.635589797757,29.81763956631147,39.817950231445536,39.82,True,63.030643800955865,35.87917408552775,27.151469715428114,27.15,True,100.0,0.0,100.0,100.0,True,False,Dem Sweep,12.670000000000002
111,4,60803.0,16518.0,43862.0,60924.0,14158.0,45952.0,60279.0,14581.0,44669.0,27.166422709405786,72.1378879331612,-44.97146522375541,-44.97,False,23.238789311273063,75.42511982141684,-52.186330510143776,-52.19,False,24.189186947361435,74.10375089168699,-49.91456394432555,-49.91,False,True,Rep Sweep,7.219999999999999
115,40,30011.0,21331.0,8519.0,29862.0,19165.0,10381.0,24252.0,24252.0,0.0,71.07727166705541,28.38625837193029,42.691013295125124,42.69,True,64.1785546848838,34.763244256915144,29.415310427968663,29.42,True,100.0,0.0,100.0,100.0,True,False,Dem Sweep,13.269999999999996
114,41,40768.0,25153.0,15382.0,40619.0,22025.0,18108.0,40339.0,24804.0,15535.0,61.69790031397174,37.73057299843014,23.967327315541603,23.97,True,54.22339299342672,44.58012260272287,9.643270390703854,9.64,True,61.48888172736062,38.511118272639386,22.977763454721234,22.98,True,True,Dem Sweep,14.329999999999998
147,42,34114.0,22054.0,9408.0,34475.0,21517.0,12125.0,34273.0,23493.0,10780.0,64.64794512516855,27.578120419769007,37.06982470539954,37.07,True,62.413343002175495,35.170413343002174,27.24292965917332,27.24,True,68.54666938989875,31.453330610101244,37.093338779797506,37.09,True,True,Dem Sweep,9.830000000000002
10,43,43930.0,19375.0,24278.0,43728.0,16335.0,26890.0,43344.0,16854.0,26490.0,44.10425677213749,55.26519462781698,-11.160937855679492,-11.16,False,37.35592755214051,61.49377972923528,-24.13785217709477,-24.14,False,38.8842746400886,61.11572535991141,-22.23145071982281,-22.23,False,True,Rep Sweep,12.98
85,44,72290.0,24646.0,46963.0,72106.0,21065.0,49988.0,70957.0,22253.0,48704.0,34.09323557891825,64.96472541153686,-30.871489832618614,-30.87,False,29.213935040079882,69.32571491970155,-40.11177987962167,-40.11,False,31.361246952379613,68.6387530476204,-37.27750609524078,-37.28,False,True,Rep Sweep,9.239999999999998
23,45,85550.0,47151.0,37488.0,85317.0,40836.0,42222.0,83735.0,43205.0,40530.0,55.115137346580944,43.81998831092928,11.295149035651662,11.3,True,47.86384893983614,49.4883786349731,-1.6245296951369639,-1.62,False,51.59730100913597,48.40269899086403,3.1946020182719366,3.19,True,True,Dem Sweep,12.920000000000002
143,46,58092.0,49245.0,8293.0,57702.0,45723.0,10483.0,57026.0,46893.0,8525.0,84.77070853129518,14.275631756524135,70.49507677477105,70.5,True,79.2398876988666,18.16748119649232,61.07240650237428,61.07,True,82.23091221548066,14.94932136218567,67.28159085329499,67.28,True,True,Dem Sweep,9.43
146,47,107527.0,58998.0,47379.0,106828.0,49898.0,54220.0,105551.0,55307.0,50244.0,54.86807964511239,44.06242153133631,10.805658113776076,10.81,True,46.708728048826146,50.75448384318718,-4.045755794361035,-4.05,False,52.39836666635086,47.60163333364913,4.796733332701727,4.8,True,True,Dem Sweep,14.86
145,48,91985.0,67394.0,23576.0,91015.0,58668.0,29540.0,67952.0,67952.0,0.0,73.26629341740501,25.63026580420721,47.6360276131978,47.64,True,64.45970444432237,32.45618854035049,32.00351590397188,32.0,True,100.0,0.0,100.0,100.0,True,False,Dem Sweep,15.64
144,49,96094.0,81344.0,13747.0,94696.0,72795.0,19092.0,92587.0,76851.0,15736.0,84.65044643786293,14.305783919911752,70.34466251795118,70.34,True,76.87230717242545,20.16135845231055,56.7109487201149,56.71,True,83.00409344724422,16.995906552755784,66.00818689448843,66.01,True,True,Dem Sweep,13.630000000000003
37,5,56626.0,12173.0,44101.0,56704.0,10895.0,45268.0,56200.0,11608.0,44592.0,21.497192102567723,77.88118532123053,-56.38399321866281,-56.38,False,19.213812076749438,79.83211060948081,-60.61829853273137,-60.62,False,20.654804270462634,79.34519572953737,-58.69039145907473,-58.69,False,True,Rep Sweep,4.239999999999995
142,50,72258.0,51868.0,19493.0,71812.0,46548.0,23272.0,52652.0,52652.0,0.0,71.78167123363502,26.976943729414042,44.80472750422098,44.8,True,64.81925026457974,32.406840082437476,32.41241018214226,32.41,True,100.0,0.0,100.0,100.0,True,False,Dem Sweep,12.39
141,51,58248.0,50923.0,6790.0,56101.0,45573.0,9025.0,48842.0,48842.0,0.0,87.42446092569702,11.65705260266447,75.76740832303256,75.77,True,81.23384609900002,16.08705727170639,65.14678882729363,65.15,True,100.0,0.0,100.0,100.0,True,False,Dem Sweep,10.61999999999999
148,52,72663.0,40476.0,31334.0,72410.0,34775.0,35791.0,63379.0,32254.0,31125.0,55.70372816977004,43.12235938510659,12.581368784663447,12.58,True,48.025134649910235,49.428255765778204,-1.4031211158679682,-1.4,False,50.89067356695436,49.109326433045645,1.7813471339087172,1.78,True,True,Dem Sweep,13.98
8,53,65435.0,15528.0,49341.0,65698.0,12886.0,52007.0,64798.0,14015.0,50783.0,23.73041950026744,75.40459998471766,-51.67418048445022,-51.67,False,19.613991293494475,79.16070504429359,-59.546713750799114,-59.55,False,21.62875397388808,78.37124602611192,-56.74249205222384,-56.74,False,True,Rep Sweep,7.8799999999999955
12,54,48728.0,23860.0,24425.0,48698.0,21323.0,26556.0,48394.0,22357.0,26037.0,48.965687079297325,50.125184698735836,-1.1594976194385112,-1.16,False,43.78619245143538,54.532013635056884,-10.745821183621501,-10.75,False,46.19787576972352,53.80212423027648,-7.6042484605529665,-7.6,False,True,Rep Sweep,9.59
11,55,45319.0,16126.0,28848.0,45217.0,13823.0,30674.0,34297.0,0.0,34297.0,35.58330942871643,63.65542046382312,-28.072111035106687,-28.07,False,30.570360705044564,67.8373178229427,-37.26695711789813,-37.27,False,0.0,100.0,-100.0,-100.0,False,False,Rep Sweep,9.200000000000003
122,56,58032.0,20519.0,37075.0,58107.0,17466.0,39759.0,57606.0,19713.0,37893.0,35.35807830162669,63.88716570168184,-28.529087400055147,-28.53,False,30.058340647426302,68.42376994165934,-38.36542929423304,-38.37,False,34.220393708988645,65.77960629101135,-31.559212582022703,-31.56,False,True,Rep Sweep,9.839999999999996
2,57,49115.0,11698.0,37159.0,48981.0,10551.0,38019.0,48775.0,10388.0,38387.0,23.817571006820724,75.65713122264074,-51.839560215820015,-51.84,False,21.541005696086238,77.61989342806395,-56.07888773197771,-56.08,False,21.29779600205023,78.70220399794977,-57.40440799589953,-57.4,False,True,Rep Sweep,4.239999999999995
25,58,59591.0,13785.0,45289.0,59522.0,11209.0,47433.0,49255.0,0.0,49255.0,23.132687821986543,75.99973150307933,-52.86704368109279,-52.87,False,18.831692483451498,79.68986257182218,-60.85817008837068,-60.86,False,0.0,100.0,-100.0,-100.0,False,False,Rep Sweep,7.990000000000002
50,59,48941.0,10656.0,37889.0,48996.0,9063.0,39306.0,41261.0,0.0,41261.0,21.773155432050835,77.41770703500133,-55.64455160295049,-55.64,False,18.497428361498898,80.22287533676219,-61.72544697526329,-61.73,False,0.0,100.0,-100.0,-100.0,False,False,Rep Sweep,6.089999999999996
129,6,57946.0,18966.0,38633.0,57781.0,16810.0,40249.0,49167.0,0.0,37172.0,32.730473199185454,66.67069340420392,-33.94022020501846,-33.94,False,29.092608296844986,69.65784600474204,-40.565237707897055,-40.57,False,0.0,75.60355523013403,-75.60355523013403,-75.6,False,False,Rep Sweep,6.630000000000003
32,60,63058.0,10145.0,52510.0,63099.0,8413.0,53996.0,54849.0,0.0,54849.0,16.08836309429414,83.27254273843128,-67.18417964413715,-67.18,False,13.333016371099385,85.57346392177372,-72.24044755067433,-72.24,False,0.0,100.0,-100.0,-100.0,False,False,Rep Sweep,5.059999999999988
128,61,77612.0,13871.0,63094.0,77945.0,11283.0,65614.0,66735.0,0.0,66735.0,17.87223625212596,81.29412977374632,-63.42189352162036,-63.42,False,14.475591763422926,84.17987042145101,-69.70427865802809,-69.7,False,0.0,100.0,-100.0,-100.0,False,False,Rep Sweep,6.280000000000001
67,62,55826.0,13618.0,41786.0,55717.0,11925.0,43024.0,55083.0,12076.0,41936.0,24.393651703507327,74.85042811593165,-50.45677641242432,-50.46,False,21.402803453165102,77.21880216092036,-55.815998707755256,-55.82,False,21.92327941470145,76.13238204164624,-54.209102626944784,-54.21,False,True,Rep Sweep,5.359999999999999
71,63,80771.0,29766.0,50383.0,80415.0,23965.0,54902.0,78915.0,25944.0,52971.0,36.85233561550557,62.37758601478254,-25.52525039927697,-25.53,False,29.8016539202885,68.27333208978425,-38.471678169495746,-38.47,False,32.87587911043528,67.12412088956472,-34.248241779129444,-34.25,False,True,Rep Sweep,12.939999999999998
68,64,69999.0,34873.0,34521.0,69648.0,30589.0,37462.0,68626.0,30535.0,36239.0,49.819283132616185,49.31641880598294,0.5028643266332438,0.5,True,43.91942338617046,53.78761773489548,-9.86819434872502,-9.87,False,44.494797890012535,52.80651648063416,-8.311718590621624,-8.31,False,True,Dem Target,10.37
70,65,59768.0,32337.0,26915.0,59487.0,27709.0,30389.0,58586.0,29972.0,28614.0,54.10420291794941,45.03245884085129,9.071744077098117,9.07,True,46.57992502563585,51.0851110326626,-4.505186007026751,-4.51,False,51.15897996108285,48.84102003891715,2.3179599221656986,2.32,True,True,Dem Sweep,13.58
47,66,70002.0,36763.0,32760.0,69464.0,30668.0,37534.0,68373.0,33991.0,34382.0,52.51707094083026,46.79866289534585,5.718408045484409,5.72,True,44.149487504318785,54.033744097662094,-9.88425659334331,-9.88,False,49.7140684188203,50.28593158117971,-0.5718631623594135,-0.57,False,True,Dem Target,15.600000000000001
48,67,74889.0,39170.0,35053.0,74326.0,33094.0,39751.0,72864.0,35596.0,37268.0,52.30407670018293,46.80660711185888,5.497469588324051,5.5,True,44.52546888033797,53.48195786131367,-8.9564889809757,-8.96,False,48.85265700483092,51.14734299516909,-2.2946859903381736,-2.29,False,True,Dem Target,14.46
42,68,51363.0,8134.0,42874.0,51269.0,6895.0,43819.0,44884.0,0.0,44884.0,15.836302396666863,83.47253859782333,-67.63623620115646,-67.64,False,13.448672687198894,85.46880181006065,-72.02012912286176,-72.02,False,0.0,100.0,-100.0,-100.0,False,False,Rep Sweep,4.3799999999999955
4,69,44573.0,11392.0,32814.0,44582.0,9833.0,34172.0,36068.0,0.0,36068.0,25.55807327305768,73.61855832005922,-48.06048504700154,-48.06,False,22.0559867210982,76.64976896505316,-54.593782243954955,-54.59,False,0.0,100.0,-100.0,-100.0,False,False,Rep Sweep,6.530000000000001
84,7,49920.0,13497.0,36098.0,49990.0,12192.0,37196.0,39588.0,0.0,39588.0,27.037259615384617,72.31169871794872,-45.2744391025641,-45.27,False,24.388877775555112,74.40688137627525,-50.018003600720135,-50.02,False,0.0,100.0,-100.0,-100.0,False,False,Rep Sweep,4.75
44,70,87513.0,35360.0,51418.0,87034.0,29576.0,55977.0,85069.0,32543.0,52526.0,40.40542547964303,58.754699301818015,-18.349273822174986,-18.35,False,33.982121929360936,64.31624422639428,-30.33412229703334,-30.33,False,38.25482843338936,61.74517156661064,-23.490343133221273,-23.49,False,True,Rep Sweep,11.979999999999997
119,71,49715.0,12249.0,37046.0,49744.0,10444.0,38519.0,49339.0,10828.0,38511.0,24.63843910288645,74.51674544905964,-49.87830634617319,-49.88,False,20.9954969443551,77.43446445802509,-56.43896751366999,-56.44,False,21.946127809643485,78.05387219035651,-56.10774438071303,-56.11,False,True,Rep Sweep,6.559999999999995
43,72,50174.0,12733.0,36972.0,50201.0,11162.0,38326.0,41097.0,0.0,41097.0,25.377685653924342,73.68756726591462,-48.30988161199028,-48.31,False,22.234616840301985,76.3450927272365,-54.11047588693452,-54.11,False,0.0,100.0,-100.0,-100.0,False,False,Rep Sweep,5.799999999999997
49,73,85226.0,21850.0,62592.0,85478.0,18028.0,66091.0,84179.0,21137.0,63042.0,25.637716189895105,73.44237673949264,-47.80466054959754,-47.8,False,21.090806991272608,77.31931023187254,-56.22850324059993,-56.23,False,25.109587901970798,74.8904120980292,-49.780824196058404,-49.78,False,True,Rep Sweep,8.43
31,74,38416.0,21485.0,16549.0,37997.0,19149.0,18319.0,25366.0,25366.0,0.0,55.92721782590587,43.078404831320285,12.848812994585586,12.85,True,50.39608390136063,48.21170092375714,2.184382977603491,2.18,True,100.0,0.0,100.0,100.0,True,False,Dem Sweep,10.67
77,75,38448.0,29706.0,8532.0,37757.0,26569.0,10551.0,30201.0,30201.0,0.0,77.26279650436953,22.191011235955056,55.07178526841447,55.07,True,70.36840850703182,27.944487114972063,42.42392139205975,42.42,True,100.0,0.0,100.0,100.0,True,False,Dem Sweep,12.649999999999999
75,76,35444.0,29136.0,6091.0,34994.0,26517.0,7903.0,29445.0,29445.0,0.0,82.20291163525562,17.184854982507616,65.018056652748,65.02,True,75.77584728810653,22.583871520832144,53.191975767274386,53.19,True,100.0,0.0,100.0,100.0,True,False,Dem Sweep,11.829999999999998
74,77,37500.0,28162.0,9111.0,36888.0,24739.0,11352.0,27685.0,27685.0,0.0,75.09866666666667,24.296,50.802666666666674,50.8,True,67.06517024506614,30.774235523747564,36.29093472131858,36.29,True,100.0,0.0,100.0,100.0,True,False,Dem Sweep,14.509999999999998
73,78,50262.0,33308.0,16631.0,49583.0,28794.0,19793.0,48869.0,31882.0,16987.0,66.26875174087779,33.08861565397318,33.18013608690461,33.18,True,58.072323175281845,39.918923824697984,18.15339935058386,18.15,True,65.23972252348115,34.76027747651886,30.47944504696229,30.48,True,True,Dem Sweep,15.030000000000001
76,79,41960.0,31170.0,10578.0,41407.0,27562.0,13150.0,33015.0,33015.0,0.0,74.28503336510963,25.209723546234507,49.07530981887512,49.08,True,66.56362450793344,31.75791532832613,34.805709179607305,34.81,True,100.0,0.0,100.0,100.0,True,False,Dem Sweep,14.269999999999996
0,8,47147.0,10947.0,35896.0,47128.0,9474.0,37148.0,46706.0,10171.0,36535.0,23.21886864487666,76.13633953379855,-52.91747088892188,-52.92,False,20.10269903242234,78.82362926498048,-58.720930232558146,-58.72,False,21.776645398878088,78.22335460112191,-56.446709202243824,-56.45,False,True,Rep Sweep,5.799999999999997
72,80,34019.0,21151.0,11634.0,33917.0,18733.0,14616.0,27336.0,27336.0,0.0,62.1740791910403,34.19853611217261,27.975543078867688,27.98,True,55.23188961287849,43.0934339711649,12.138455641713591,12.14,True,100.0,0.0,100.0,100.0,True,False,Dem Sweep,15.84
1,81,38963.0,11109.0,27553.0,39061.0,9872.0,28685.0,38755.0,9692.0,29063.0,28.511664912866053,70.71580730436568,-42.20414239149963,-42.2,False,25.27329049435498,73.43641995852641,-48.16312946417143,-48.16,False,25.008386014707778,74.99161398529222,-49.98322797058444,-49.98,False,True,Rep Sweep,5.959999999999994
51,82,49612.0,11159.0,38048.0,49462.0,9414.0,39296.0,48709.0,9677.0,39032.0,22.49254212690478,76.69112311537532,-54.19858098847054,-54.2,False,19.032792851077595,79.4468480853989,-60.4140552343213,-60.41,False,19.86696503726211,80.1330349627379,-60.26606992547579,-60.27,False,True,Rep Sweep,6.209999999999994
24,83,56695.0,13594.0,42711.0,56487.0,11422.0,44003.0,55908.0,12662.0,43246.0,23.977423053179294,75.33468559837728,-51.35726254519798,-51.36,False,20.22058172676899,77.89933967107476,-57.678757944305765,-57.68,False,22.64792158546183,77.35207841453817,-54.70415682907634,-54.7,False,True,Rep Sweep,6.32
121,84,47049.0,20297.0,26365.0,46830.0,17513.0,28123.0,45765.0,18237.0,27528.0,43.14013050224234,56.03732279113265,-12.89719228889031,-12.9,False,37.396967755712154,60.053384582532566,-22.65641682682041,-22.66,False,39.84922976073418,60.15077023926582,-20.301540478531635,-20.3,False,True,Rep Sweep,9.76
80,85,57471.0,25678.0,31440.0,57370.0,22848.0,33861.0,56687.0,24668.0,32019.0,44.679925527657424,54.70585164691758,-10.025926119260156,-10.03,False,39.82569287083842,59.02213700540352,-19.196444134565105,-19.2,False,43.516150087321606,56.483849912678394,-12.967699825356789,-12.97,False,True,Rep Sweep,9.17
52,86,58581.0,11496.0,46670.0,58476.0,9757.0,47934.0,57932.0,10293.0,47639.0,19.62411020638091,79.6674689745822,-60.0433587682013,-60.04,False,16.685477802859292,81.9720911143033,-65.286613311444,-65.29,False,17.767382448387764,82.23261755161224,-64.46523510322447,-64.47,False,True,Rep Sweep,5.250000000000007
38,87,38407.0,9393.0,28675.0,38331.0,8394.0,29351.0,32314.0,0.0,32314.0,24.456479287629858,74.66086911240139,-50.204389824771525,-50.2,False,21.898724270172966,76.5724870209491,-54.673762750776135,-54.67,False,0.0,100.0,-100.0,-100.0,False,False,Rep Sweep,4.469999999999999
5,88,39511.0,7023.0,32204.0,39402.0,6195.0,32687.0,39000.0,6359.0,32641.0,17.77479689200476,81.50641593480297,-63.731619042798215,-63.73,False,15.72255215471296,82.957717882341,-67.23516572762804,-67.24,False,16.305128205128206,83.6948717948718,-67.3897435897436,-67.39,False,True,Rep Sweep,3.509999999999998
46,89,77077.0,33531.0,42855.0,76626.0,28399.0,46785.0,74648.0,30203.0,44445.0,43.50324999675649,55.600243911932225,-12.096993915175737,-12.1,False,37.061832798266906,61.05629942839245,-23.994466630125544,-23.99,False,40.46056156896367,59.53943843103633,-19.07887686207266,-19.08,False,True,Rep Sweep,11.889999999999999
39,9,52151.0,11948.0,39945.0,52149.0,10832.0,40855.0,45918.0,0.0,45918.0,22.91039481505628,76.59488792161224,-53.68449310655596,-53.68,False,20.771251605975184,78.34282536577882,-57.57157375980364,-57.57,False,0.0,100.0,-100.0,-100.0,False,False,Rep Sweep,3.8900000000000006
132,90,25915.0,20601.0,5160.0,25701.0,19327.0,6004.0,20728.0,20728.0,0.0,79.49450125409994,19.91124831178854,59.583252942311404,59.58,True,75.1994085833236,23.360958717559626,51.83844986576398,51.84,True,100.0,0.0,100.0,100.0,True,False,Dem Sweep,7.739999999999995
140,91,55625.0,22024.0,33060.0,55483.0,18737.0,35653.0,54511.0,19905.0,34606.0,39.59370786516854,59.433707865168536,-19.839999999999996,-19.84,False,33.77070454012941,64.25932267541408,-30.488618135284675,-30.49,False,36.51556566564547,63.48443433435453,-26.968868668709064,-26.97,False,True,Rep Sweep,10.649999999999999
136,92,60504.0,29211.0,30738.0,60316.0,25284.0,33791.0,59726.0,28327.0,29755.0,48.279452598175325,50.80325267750892,-2.523800079333597,-2.52,False,41.91922541282578,56.02327740566351,-14.104051992837725,-14.1,False,47.42825570103473,49.819174228979,-2.3909185279442724,-2.39,False,True,Rep Sweep,11.58
135,93,58369.0,28148.0,29731.0,58157.0,24461.0,32607.0,57323.0,26445.0,30878.0,48.22422861450427,50.93628467165791,-2.7120560571536387,-2.71,False,42.06028509035885,56.067197413896864,-14.00691232353801,-14.01,False,46.133314725328404,53.866685274671596,-7.733370549343192,-7.73,False,True,Rep Sweep,11.3
138,94,62954.0,30156.0,32200.0,62776.0,25799.0,35670.0,61823.0,27145.0,32448.0,47.90164246910443,51.1484576039648,-3.2468151348603698,-3.25,False,41.09691601886071,56.82107811902638,-15.724162100165671,-15.72,False,43.90760720120343,52.48532099703994,-8.577713795836509,-8.58,False,True,Rep Sweep,12.47
130,95,43542.0,33574.0,9680.0,43477.0,31582.0,11199.0,43158.0,33022.0,9399.0,77.1071609021175,22.231408754765514,54.87575214735199,54.88,True,72.64070658049083,25.758446994962853,46.882259585527976,46.88,True,76.5142036238936,21.77811761434728,54.73608600954631,54.74,True,True,Dem Sweep,8.0
133,96,65126.0,32265.0,32356.0,64996.0,28555.0,35375.0,64314.0,30360.0,32698.0,49.54242545220035,49.68215459263581,-0.13972914043546325,-0.14,False,43.93347282909718,54.42642624161487,-10.492953412517693,-10.49,False,47.205896072394815,50.84118543396461,-3.6352893615697965,-3.64,False,True,Rep Sweep,10.35
131,97,67370.0,32714.0,34095.0,67098.0,27720.0,38026.0,66125.0,29665.0,35171.0,48.558705655336205,50.60857948641829,-2.0498738310820883,-2.05,False,41.31270678708754,56.672330024739935,-15.359623237652393,-15.36,False,44.86200378071833,53.18865784499055,-8.326654064272219,-8.33,False,True,Rep Sweep,13.309999999999999
139,98,84603.0,29983.0,53949.0,84288.0,23684.0,59011.0,83217.0,24417.0,56793.0,35.43964162027351,63.76724229637247,-28.32760067609896,-28.33,False,28.098899012908124,70.01115223993925,-41.91225322703113,-41.91,False,29.341360539312884,68.24687263419735,-38.90551209488446,-38.91,False,True,Rep Sweep,13.579999999999998
134,99,60254.0,23883.0,35808.0,60143.0,20560.0,38489.0,59159.0,21111.0,38048.0,39.637202509376976,59.42841968997909,-19.79121718060211,-19.79,False,34.185191959163994,63.99580998619956,-29.810618027035567,-29.81,False,35.685187376392435,64.31481262360757,-28.62962524721513,-28.63,False,True,Rep Sweep,10.02
